{
  "CH": {
    "mean": 0.0035656571853905916,
    "std": 0.006897245068103075
  },
  "CU": {
    "mean": 0.00023399971541948617,
    "std": 0.006350549403578043
  },
  "FC": {
    "mean": 0.0025196003261953592,
    "std": 0.005337338894605637
  },
  "FF": {
    "mean": 0.006522385403513908,
    "std": 0.006644762586802244
  },
  "FS": {
    "mean": -0.0014718486927449703,
    "std": 0.006212570238858461
  },
  "KC": {
    "mean": -0.0018279732903465629,
    "std": 0.005646077916026115
  },
  "SI": {
    "mean": 0.0037923844065517187,
    "std": 0.006660730578005314
  },
  "SL": {
    "mean": -0.0023541548289358616,
    "std": 0.005210194271057844
  },
  "ST": {
    "mean": -0.0041205743327736855,
    "std": 0.006174380891025066
  }
}