{
  "CH": {
    "mean": 0.0008044492155234338,
    "std": 0.030853254346248953,
    "stuff_mean": -0.0010454617529606404,
    "stuff_std": 0.007239401757725669,
    "loc_mean": -0.0017308305673508228,
    "loc_std": 0.029535035666520118,
    "tun_mean": -0.0031613287235733667,
    "tun_std": 0.025626391143996206
  },
  "CU": {
    "mean": 0.0008044492155234338,
    "std": 0.028230181086735584,
    "stuff_mean": -0.0010454617529606404,
    "stuff_std": 0.006776065980234451,
    "loc_mean": -0.0021569112879951655,
    "loc_std": 0.02719359948909278,
    "tun_mean": -0.0031613287235733667,
    "tun_std": 0.023435670742462365
  },
  "FC": {
    "mean": 0.0008044492155234338,
    "std": 0.029035246238788566,
    "stuff_mean": -0.0010454617529606404,
    "stuff_std": 0.005898047337653626,
    "loc_mean": -0.0030252838353680904,
    "loc_std": 0.02843080184782203,
    "tun_mean": -0.0031613287235733667,
    "tun_std": 0.024972768323508993
  },
  "FF": {
    "mean": 0.0008044492155234338,
    "std": 0.03415742752876507,
    "stuff_mean": -0.0010454617529606404,
    "stuff_std": 0.007287822585153723,
    "loc_mean": -0.003044685621535413,
    "loc_std": 0.03251979931686425,
    "tun_mean": -0.0031613287235733667,
    "tun_std": 0.028416300783796394
  },
  "FS": {
    "mean": 0.0008044492155234338,
    "std": 0.02912144867470223,
    "stuff_mean": -0.0010454617529606404,
    "stuff_std": 0.006872864205200631,
    "loc_mean": -0.004811103438163368,
    "loc_std": 0.027482242409108522,
    "tun_mean": -0.0031613287235733667,
    "tun_std": 0.02701330989577496
  },
  "KC": {
    "mean": 0.0008044492155234338,
    "std": 0.02406531947661428,
    "stuff_mean": -0.0010454617529606404,
    "stuff_std": 0.004390899134480589,
    "loc_mean": -0.004801297392016809,
    "loc_std": 0.022659056433602116,
    "tun_mean": -0.0031613287235733667,
    "tun_std": 0.02274294754857009
  },
  "SI": {
    "mean": 0.0008044492155234338,
    "std": 0.036421241873922976,
    "stuff_mean": -0.0010454617529606404,
    "stuff_std": 0.007786728490613843,
    "loc_mean": -0.003026878463760124,
    "loc_std": 0.03494150346625816,
    "tun_mean": -0.0031613287235733667,
    "tun_std": 0.029337669039747615
  },
  "SL": {
    "mean": 0.0008044492155234338,
    "std": 0.028546859239530296,
    "stuff_mean": -0.0010454617529606404,
    "stuff_std": 0.007354959139536974,
    "loc_mean": -0.0033874322535143485,
    "loc_std": 0.02739462936596267,
    "tun_mean": -0.0031613287235733667,
    "tun_std": 0.023358224162093696
  },
  "ST": {
    "mean": 0.0008044492155234338,
    "std": 0.03236101056104285,
    "stuff_mean": -0.0010454617529606404,
    "stuff_std": 0.006885119777937913,
    "loc_mean": -0.0032448377853421654,
    "loc_std": 0.03126094384685389,
    "tun_mean": -0.0031613287235733667,
    "tun_std": 0.0264529520015064
  },
  "SV": {
    "mean": 0.0008044492155234338,
    "std": 0.0197282630897915,
    "stuff_mean": -0.0010454617529606404,
    "stuff_std": 0.0049456575590273374,
    "loc_mean": 1.9372250239117368e-05,
    "loc_std": 0.017357707540345595,
    "tun_mean": -0.0031613287235733667,
    "tun_std": 0.0251522262715943
  },
  "_stuff_plus_rescale": {
    "mean": 100.2271066648208,
    "stdev": 8.18144319478801
  }
}