{
  "CH": {
    "mean": 0.25685365631355406,
    "std": 0.5656339343303918
  },
  "CS": {
    "mean": 0.48399999737739563,
    "std": 0.31151083239232275
  },
  "CU": {
    "mean": 0.0012920794813746199,
    "std": 0.5619284481414221
  },
  "FA": {
    "mean": 1.1169999837875366,
    "std": NaN
  },
  "FC": {
    "mean": 0.2134761888190128,
    "std": 0.4342365355940526
  },
  "FF": {
    "mean": 0.6091756280791182,
    "std": 0.6034895135170006
  },
  "FO": {
    "mean": -0.20600000023841858,
    "std": NaN
  },
  "FS": {
    "mean": -0.15401176464031724,
    "std": 0.5688917236961704
  },
  "KC": {
    "mean": -0.16256410222596082,
    "std": 0.5795976314859578
  },
  "KN": {
    "mean": 0.21899999678134918,
    "std": NaN
  },
  "SI": {
    "mean": 0.34732240429809674,
    "std": 0.5958999583632922
  },
  "SL": {
    "mean": -0.2778605258533437,
    "std": 0.4474507492065162
  },
  "ST": {
    "mean": -0.4554460086852111,
    "std": 0.5554903182773204
  },
  "SV": {
    "mean": 0.04430769097346526,
    "std": 0.2980275111662208
  }
}