{
  "CH": {
    "mean": 0.0005677919776680984,
    "std": 0.030816207020466446,
    "stuff_mean": -0.001331694383242371,
    "stuff_std": 0.006965701302641679,
    "loc_mean": -0.0017308305673508228,
    "loc_std": 0.029535035666520118,
    "tun_mean": -0.0031613287235733667,
    "tun_std": 0.025626391143996206
  },
  "CU": {
    "mean": 0.0005677919776680984,
    "std": 0.028171180343605683,
    "stuff_mean": -0.001331694383242371,
    "stuff_std": 0.0064489318337437995,
    "loc_mean": -0.0021569112879951655,
    "loc_std": 0.02719359948909278,
    "tun_mean": -0.0031613287235733667,
    "tun_std": 0.023435670742462365
  },
  "FC": {
    "mean": 0.0005677919776680984,
    "std": 0.028903533074475532,
    "stuff_mean": -0.001331694383242371,
    "stuff_std": 0.005098084166893206,
    "loc_mean": -0.0030252838353680904,
    "loc_std": 0.02843080184782203,
    "tun_mean": -0.0031613287235733667,
    "tun_std": 0.024972768323508993
  },
  "FF": {
    "mean": 0.0005677919776680984,
    "std": 0.03419789564401452,
    "stuff_mean": -0.001331694383242371,
    "stuff_std": 0.007316447019786795,
    "loc_mean": -0.003044685621535413,
    "loc_std": 0.03251979931686425,
    "tun_mean": -0.0031613287235733667,
    "tun_std": 0.028416300783796394
  },
  "FS": {
    "mean": 0.0005677919776680984,
    "std": 0.02904164898049549,
    "stuff_mean": -0.001331694383242371,
    "stuff_std": 0.006651251766770291,
    "loc_mean": -0.004811103438163368,
    "loc_std": 0.027482242409108522,
    "tun_mean": -0.0031613287235733667,
    "tun_std": 0.02701330989577496
  },
  "KC": {
    "mean": 0.0005677919776680984,
    "std": 0.024155601879083496,
    "stuff_mean": -0.001331694383242371,
    "stuff_std": 0.004533855912187838,
    "loc_mean": -0.004801297392016809,
    "loc_std": 0.022659056433602116,
    "tun_mean": -0.0031613287235733667,
    "tun_std": 0.02274294754857009
  },
  "SI": {
    "mean": 0.0005677919776680984,
    "std": 0.03627758457210178,
    "stuff_mean": -0.001331694383242371,
    "stuff_std": 0.007163025776668496,
    "loc_mean": -0.003026878463760124,
    "loc_std": 0.03494150346625816,
    "tun_mean": -0.0031613287235733667,
    "tun_std": 0.029337669039747615
  },
  "SL": {
    "mean": 0.0005677919776680984,
    "std": 0.028410595438457434,
    "stuff_mean": -0.001331694383242371,
    "stuff_std": 0.0068500643697106,
    "loc_mean": -0.0033874322535143485,
    "loc_std": 0.02739462936596267,
    "tun_mean": -0.0031613287235733667,
    "tun_std": 0.023358224162093696
  },
  "ST": {
    "mean": 0.0005677919776680984,
    "std": 0.03233588325509928,
    "stuff_mean": -0.001331694383242371,
    "stuff_std": 0.006565310344966167,
    "loc_mean": -0.0032448377853421654,
    "loc_std": 0.03126094384685389,
    "tun_mean": -0.0031613287235733667,
    "tun_std": 0.0264529520015064
  },
  "SV": {
    "mean": 0.0005677919776680984,
    "std": 0.019530958994787507,
    "stuff_mean": -0.001331694383242371,
    "stuff_std": 0.004567670463466303,
    "loc_mean": 1.9372250239117368e-05,
    "loc_std": 0.017357707540345595,
    "tun_mean": -0.0031613287235733667,
    "tun_std": 0.0251522262715943
  }
}