{
  "CH": {
    "mean": 0.00324713671579957,
    "std": 0.010345867834985256
  },
  "CU": {
    "mean": 0.0003825484018307179,
    "std": 0.009525824338197708
  },
  "FC": {
    "mean": 0.002202749950811267,
    "std": 0.008006008341908455
  },
  "FF": {
    "mean": 0.006508479826152325,
    "std": 0.009967143647372723
  },
  "FS": {
    "mean": -0.0021298816427588463,
    "std": 0.009318855591118336
  },
  "KC": {
    "mean": -0.002412206493318081,
    "std": 0.008469116874039173
  },
  "SI": {
    "mean": 0.003559777280315757,
    "std": 0.009991096332669258
  },
  "SL": {
    "mean": -0.0025495747104287148,
    "std": 0.007815291173756123
  },
  "ST": {
    "mean": -0.004719343967735767,
    "std": 0.009261570870876312
  }
}