{
  "CH": {
    "mean": 0.0010932275326922536,
    "std": 0.016038859529222245,
    "stuff_mean": -0.0025825267657637596,
    "stuff_std": 0.01003998283360559,
    "loc_mean": -0.0029432016890496016,
    "loc_std": 0.010771352197811127,
    "tun_mean": 0.001824672450311482,
    "tun_std": 0.009562532041467531
  },
  "CU": {
    "mean": -0.0015055404510349035,
    "std": 0.013795382064045736,
    "stuff_mean": -0.004587279167026281,
    "stuff_std": 0.009179127305604584,
    "loc_mean": -0.0031484810169786215,
    "loc_std": 0.009404659432280617,
    "tun_mean": 0.00016904901713132858,
    "tun_std": 0.009009697956544037
  },
  "FC": {
    "mean": -0.0022506476379930973,
    "std": 0.01275932151699078,
    "stuff_mean": -0.004168916959315538,
    "stuff_std": 0.006750390136614244,
    "loc_mean": -0.0033101867884397507,
    "loc_std": 0.009815969769704742,
    "tun_mean": -0.003985415678471327,
    "tun_std": 0.009448913669218302
  },
  "FF": {
    "mean": 0.0010085385292768478,
    "std": 0.01544208232085134,
    "stuff_mean": -0.0006756280781701207,
    "stuff_std": 0.008832897699705567,
    "loc_mean": -0.003036252688616514,
    "loc_std": 0.01072616890958354,
    "tun_mean": -0.004707549698650837,
    "tun_std": 0.01281858874344293
  },
  "FS": {
    "mean": 0.0006211536820046604,
    "std": 0.016296319967135084,
    "stuff_mean": -0.0011815056204795837,
    "stuff_std": 0.010775161795259903,
    "loc_mean": -0.004696057178080082,
    "loc_std": 0.010314543901835577,
    "tun_mean": 0.0006868672790005803,
    "tun_std": 0.01152509222524801
  },
  "KC": {
    "mean": -0.0044334521517157555,
    "std": 0.013836440399657406,
    "stuff_mean": -0.005743831396102905,
    "stuff_std": 0.008289938128372039,
    "loc_mean": -0.004497965797781944,
    "loc_std": 0.008168331864621108,
    "tun_mean": -0.0023665183689445257,
    "tun_std": 0.01180862155548302
  },
  "SI": {
    "mean": -9.567166671331506e-06,
    "std": 0.01620825910518011,
    "stuff_mean": -0.002061528852209449,
    "stuff_std": 0.007900726664080367,
    "loc_mean": -0.003757626051083207,
    "loc_std": 0.012358374598318659,
    "tun_mean": -0.003123659174889326,
    "tun_std": 0.011658504436317248
  },
  "SL": {
    "mean": -0.004664152394980192,
    "std": 0.013762058697086231,
    "stuff_mean": -0.007884262129664421,
    "stuff_std": 0.008272462680968923,
    "loc_mean": -0.004418497905135155,
    "loc_std": 0.009788722071137665,
    "tun_mean": 0.0006012650555931032,
    "tun_std": 0.008902069234181548
  },
  "ST": {
    "mean": -0.009332060813903809,
    "std": 0.014355705008412213,
    "stuff_mean": -0.01059718243777752,
    "stuff_std": 0.00846307004334172,
    "loc_mean": -0.005495211575180292,
    "loc_std": 0.011063909934110671,
    "tun_mean": -0.006857777945697308,
    "tun_std": 0.01014075841828086
  },
  "SV": {
    "mean": -0.0010417700395919383,
    "std": 0.00973329251576578,
    "stuff_mean": -0.0063568539917469025,
    "stuff_std": 0.007171791035733899,
    "loc_mean": -0.0002215156055171974,
    "loc_std": 0.006049549304978737,
    "tun_mean": -0.00308326818048954,
    "tun_std": 0.007675703493370937
  }
}