{
  "CH": {
    "mean": 0.0029015170875936747,
    "std": 0.011765515431761742,
    "stuff_mean": 0.0003230666625313461,
    "stuff_std": 0.003937039989978075,
    "loc_mean": -0.0031409922521561384,
    "loc_std": 0.011046539060771465,
    "tun_mean": 0.0014890263555571437,
    "tun_std": 0.009651853702962399
  },
  "CU": {
    "mean": -0.00031861511524766684,
    "std": 0.009992266073822975,
    "stuff_mean": -0.00272030639462173,
    "stuff_std": 0.0032072195317596197,
    "loc_mean": -0.00290160090662539,
    "loc_std": 0.009470988065004349,
    "tun_mean": -7.546736014774069e-05,
    "tun_std": 0.009140606969594955
  },
  "FC": {
    "mean": 0.0011329262051731348,
    "std": 0.009846348315477371,
    "stuff_mean": 0.0006980556645430624,
    "stuff_std": 0.002546929754316807,
    "loc_mean": -0.003967949654906988,
    "loc_std": 0.009664748795330524,
    "tun_mean": -0.004288130905479193,
    "tun_std": 0.00937108974903822
  },
  "FF": {
    "mean": 0.003941213712096214,
    "std": 0.011739840731024742,
    "stuff_mean": 0.003184935078024864,
    "stuff_std": 0.0033390771131962538,
    "loc_mean": -0.003216751618310809,
    "loc_std": 0.011033372953534126,
    "tun_mean": -0.004760324954986572,
    "tun_std": 0.01276656985282898
  },
  "FS": {
    "mean": 0.00027404550928622484,
    "std": 0.011884304694831371,
    "stuff_mean": -0.0023291611578315496,
    "stuff_std": 0.004676670767366886,
    "loc_mean": -0.0051767718978226185,
    "loc_std": 0.010699810460209846,
    "tun_mean": 0.00027298787608742714,
    "tun_std": 0.011642210185527802
  },
  "KC": {
    "mean": -0.0013308257330209017,
    "std": 0.010320493020117283,
    "stuff_mean": -0.003719629719853401,
    "stuff_std": 0.0032484999392181635,
    "loc_mean": -0.004109567031264305,
    "loc_std": 0.00866563431918621,
    "tun_mean": -0.0017510976176708937,
    "tun_std": 0.012312290258705616
  },
  "SI": {
    "mean": 0.0021473998203873634,
    "std": 0.012409118935465813,
    "stuff_mean": 0.0016397121362388134,
    "stuff_std": 0.0027711745351552963,
    "loc_mean": -0.003965068608522415,
    "loc_std": 0.012142369523644447,
    "tun_mean": -0.00339452363550663,
    "tun_std": 0.011487232521176338
  },
  "SL": {
    "mean": -0.0007860438199713826,
    "std": 0.010660894215106964,
    "stuff_mean": -0.0024181222543120384,
    "stuff_std": 0.0038412364665418863,
    "loc_mean": -0.004332777112722397,
    "loc_std": 0.009955245070159435,
    "tun_mean": 0.000471584964543581,
    "tun_std": 0.009146609343588352
  },
  "ST": {
    "mean": -0.004754847381263971,
    "std": 0.011248373426496983,
    "stuff_mean": -0.005253395065665245,
    "stuff_std": 0.003777001518756151,
    "loc_mean": -0.00518336147069931,
    "loc_std": 0.01086944155395031,
    "tun_mean": -0.006703242659568787,
    "tun_std": 0.010351462289690971
  },
  "SV": {
    "mean": 0.0014114035293459892,
    "std": 0.007584311533719301,
    "stuff_mean": -0.0032131115440279245,
    "stuff_std": 0.0030163703486323357,
    "loc_mean": -0.0005600066506303847,
    "loc_std": 0.006674918811768293,
    "tun_mean": -0.0037542451173067093,
    "tun_std": 0.007546089123934507
  }
}