{
  "CH": {
    "mean": 0.0001417438907083124,
    "std": 0.009371470659971237
  },
  "CU": {
    "mean": -0.0013849877286702394,
    "std": 0.008305300958454609
  },
  "FC": {
    "mean": 0.001208751229569316,
    "std": 0.008126440457999706
  },
  "FF": {
    "mean": 0.005198667757213116,
    "std": 0.009653855115175247
  },
  "FS": {
    "mean": -0.0038575567305088043,
    "std": 0.008837376721203327
  },
  "KC": {
    "mean": -0.0032841803040355444,
    "std": 0.007678203284740448
  },
  "SI": {
    "mean": 0.0035491061862558126,
    "std": 0.010348193347454071
  },
  "SL": {
    "mean": -0.0030903108417987823,
    "std": 0.008166124112904072
  },
  "ST": {
    "mean": -0.005901661701500416,
    "std": 0.009220759384334087
  },
  "SV": {
    "mean": 0.002592186676338315,
    "std": 0.006279343273490667
  }
}