{
  "CH": {
    "mean": -0.0007082561299983051,
    "std": 0.029572083393586406,
    "stuff_mean": -0.0028506139994929278,
    "stuff_std": 0.00741482211789565,
    "loc_mean": -0.002726000717979869,
    "loc_std": 0.029143021351157792,
    "tun_mean": -0.002360149097470827,
    "tun_std": 0.023213705093622517
  },
  "CU": {
    "mean": -0.0007082561299983051,
    "std": 0.026226912500107852,
    "stuff_mean": -0.0028506139994929278,
    "stuff_std": 0.005590279441161034,
    "loc_mean": -0.002582663016781952,
    "loc_std": 0.02591495877652162,
    "tun_mean": -0.002360149097470827,
    "tun_std": 0.02127006818044443
  },
  "FC": {
    "mean": -0.0007082561299983051,
    "std": 0.028579975468716264,
    "stuff_mean": -0.0028506139994929278,
    "stuff_std": 0.005057707490293783,
    "loc_mean": -0.003019322580314087,
    "loc_std": 0.028596809074075052,
    "tun_mean": -0.002360149097470827,
    "tun_std": 0.024102723697474092
  },
  "FF": {
    "mean": -0.0007082561299983051,
    "std": 0.03290632169075614,
    "stuff_mean": -0.0028506139994929278,
    "stuff_std": 0.007231085686422746,
    "loc_mean": -0.002911702872170899,
    "loc_std": 0.03195100308203025,
    "tun_mean": -0.002360149097470827,
    "tun_std": 0.027575385572743825
  },
  "FS": {
    "mean": -0.0007082561299983051,
    "std": 0.028438294522707224,
    "stuff_mean": -0.0028506139994929278,
    "stuff_std": 0.007068532496745041,
    "loc_mean": -0.0041529250715298645,
    "loc_std": 0.02767180073016804,
    "tun_mean": -0.002360149097470827,
    "tun_std": 0.024895638519981063
  },
  "KC": {
    "mean": -0.0007082561299983051,
    "std": 0.023211203192235703,
    "stuff_mean": -0.0028506139994929278,
    "stuff_std": 0.005244861356526002,
    "loc_mean": -0.0045100053559104245,
    "loc_std": 0.02210170198841185,
    "tun_mean": -0.002360149097470827,
    "tun_std": 0.02301201468501242
  },
  "SI": {
    "mean": -0.0007082561299983051,
    "std": 0.03532669103787934,
    "stuff_mean": -0.0028506139994929278,
    "stuff_std": 0.007530663447836493,
    "loc_mean": -0.0029499816842102323,
    "loc_std": 0.03446810217856643,
    "tun_mean": -0.002360149097470827,
    "tun_std": 0.028447364423132972
  },
  "SL": {
    "mean": -0.0007082561299983051,
    "std": 0.026918282262381393,
    "stuff_mean": -0.0028506139994929278,
    "stuff_std": 0.005820562215055733,
    "loc_mean": -0.0038693997760104884,
    "loc_std": 0.026768699150888208,
    "tun_mean": -0.002360149097470827,
    "tun_std": 0.021162154989469717
  },
  "ST": {
    "mean": -0.0007082561299983051,
    "std": 0.03000448931913884,
    "stuff_mean": -0.0028506139994929278,
    "stuff_std": 0.00618504967997632,
    "loc_mean": -0.004521955198811742,
    "loc_std": 0.02977771947100995,
    "tun_mean": -0.002360149097470827,
    "tun_std": 0.023919702856909444
  },
  "SV": {
    "mean": -0.0007082561299983051,
    "std": 0.018197924539537686,
    "stuff_mean": -0.0028506139994929278,
    "stuff_std": 0.005165954026512624,
    "loc_mean": -3.822165486471915e-05,
    "loc_std": 0.016972557413212404,
    "tun_mean": -0.002360149097470827,
    "tun_std": 0.021116957410564796
  }
}