{
  "CH": {
    "mean": 0.0012370574986562133,
    "std": 0.02231547236442566
  },
  "CU": {
    "mean": -0.0005269390530884266,
    "std": 0.019103605300188065
  },
  "FC": {
    "mean": 0.001586803118698299,
    "std": 0.021105632185935974
  },
  "FF": {
    "mean": 0.004918264225125313,
    "std": 0.023940667510032654
  },
  "FS": {
    "mean": -0.0026664319448173046,
    "std": 0.021590417250990868
  },
  "KC": {
    "mean": -0.0031865539494901896,
    "std": 0.01721913553774357
  },
  "SI": {
    "mean": 0.0034368811175227165,
    "std": 0.025360533967614174
  },
  "SL": {
    "mean": -0.00317186675965786,
    "std": 0.020014867186546326
  },
  "ST": {
    "mean": -0.005065457429736853,
    "std": 0.023157069459557533
  },
  "SV": {
    "mean": 0.0007238521939143538,
    "std": 0.013830108568072319
  }
}