{
  "CH": {
    "mean": -0.001358992907181571,
    "std": 0.03016060345229086,
    "stuff_mean": -0.003582383207466816,
    "stuff_std": 0.006105379179397264,
    "loc_mean": -0.0027303482660166827,
    "loc_std": 0.02914229770156008,
    "tun_mean": -0.0025796431789234264,
    "tun_std": 0.02553575510782834
  },
  "CU": {
    "mean": -0.001358992907181571,
    "std": 0.026860667085563464,
    "stuff_mean": -0.003582383207466816,
    "stuff_std": 0.004607002926753996,
    "loc_mean": -0.002556366977692833,
    "loc_std": 0.025910440857629436,
    "tun_mean": -0.0025796431789234264,
    "tun_std": 0.023343751201486053
  },
  "FC": {
    "mean": -0.001358992907181571,
    "std": 0.029346180039122663,
    "stuff_mean": -0.003582383207466816,
    "stuff_std": 0.004894254155830154,
    "loc_mean": -0.0030270334923656163,
    "loc_std": 0.028612400869701564,
    "tun_mean": -0.0025796431789234264,
    "tun_std": 0.02599039423565052
  },
  "FF": {
    "mean": -0.001358992907181571,
    "std": 0.03373805701929993,
    "stuff_mean": -0.003582383207466816,
    "stuff_std": 0.006107924791685413,
    "loc_mean": -0.002911688762175453,
    "loc_std": 0.031951922551438874,
    "tun_mean": -0.0025796431789234264,
    "tun_std": 0.028941993967285085
  },
  "FS": {
    "mean": -0.001358992907181571,
    "std": 0.029342559695898846,
    "stuff_mean": -0.003582383207466816,
    "stuff_std": 0.0064236993882380005,
    "loc_mean": -0.004236812774292683,
    "loc_std": 0.027601356062744692,
    "tun_mean": -0.0025796431789234264,
    "tun_std": 0.027613830460747713
  },
  "KC": {
    "mean": -0.001358992907181571,
    "std": 0.023573997919916614,
    "stuff_mean": -0.003582383207466816,
    "stuff_std": 0.004287743971268898,
    "loc_mean": -0.004496844415147266,
    "loc_std": 0.022113960562290022,
    "tun_mean": -0.0025796431789234264,
    "tun_std": 0.02261589779833395
  },
  "SI": {
    "mean": -0.001358992907181571,
    "std": 0.035741421781922175,
    "stuff_mean": -0.003582383207466816,
    "stuff_std": 0.006398977411345853,
    "loc_mean": -0.0029505603922839485,
    "loc_std": 0.034467197639245814,
    "tun_mean": -0.0025796431789234264,
    "tun_std": 0.029607545428716395
  },
  "SL": {
    "mean": -0.001358992907181571,
    "std": 0.027643760756704716,
    "stuff_mean": -0.003582383207466816,
    "stuff_std": 0.0051731424413216705,
    "loc_mean": -0.003817573990402066,
    "loc_std": 0.026762780458532018,
    "tun_mean": -0.0025796431789234264,
    "tun_std": 0.023399858921284045
  },
  "ST": {
    "mean": -0.001358992907181571,
    "std": 0.030578549311827175,
    "stuff_mean": -0.003582383207466816,
    "stuff_std": 0.00520396720242756,
    "loc_mean": -0.004577623322618446,
    "loc_std": 0.029680286039405084,
    "tun_mean": -0.0025796431789234264,
    "tun_std": 0.025828539854224213
  },
  "SV": {
    "mean": -0.001358992907181571,
    "std": 0.01919948413616304,
    "stuff_mean": -0.003582383207466816,
    "stuff_std": 0.004223745479583852,
    "loc_mean": -3.822165486471915e-05,
    "loc_std": 0.016972557413212404,
    "tun_mean": -0.0025796431789234264,
    "tun_std": 0.025511844054279482
  }
}