{
  "CH": {
    "mean": -0.0016164805856533349,
    "std": 0.0153143115631491,
    "stuff_mean": -0.003810254973359406,
    "stuff_std": 0.009377483781117585,
    "loc_mean": -0.0029432016890496016,
    "loc_std": 0.010771352197691132,
    "tun_mean": -0.00245284172706306,
    "tun_std": 0.011101946938086445
  },
  "CU": {
    "mean": -0.0016164805856533349,
    "std": 0.0153143115631491,
    "stuff_mean": -0.003810254973359406,
    "stuff_std": 0.009377483781117585,
    "loc_mean": -0.0031484810169786215,
    "loc_std": 0.009404659432309002,
    "tun_mean": -0.00245284172706306,
    "tun_std": 0.011101946938086445
  },
  "FC": {
    "mean": -0.0016164805856533349,
    "std": 0.0153143115631491,
    "stuff_mean": -0.003810254973359406,
    "stuff_std": 0.009377483781117585,
    "loc_mean": -0.0033101867884397507,
    "loc_std": 0.009815969769818366,
    "tun_mean": -0.00245284172706306,
    "tun_std": 0.011101946938086445
  },
  "FF": {
    "mean": -0.0016164805856533349,
    "std": 0.0153143115631491,
    "stuff_mean": -0.003810254973359406,
    "stuff_std": 0.009377483781117585,
    "loc_mean": -0.003036252688616514,
    "loc_std": 0.010726168909672148,
    "tun_mean": -0.00245284172706306,
    "tun_std": 0.011101946938086445
  },
  "FS": {
    "mean": -0.0016164805856533349,
    "std": 0.0153143115631491,
    "stuff_mean": -0.003810254973359406,
    "stuff_std": 0.009377483781117585,
    "loc_mean": -0.004696057178080082,
    "loc_std": 0.010314543901808276,
    "tun_mean": -0.00245284172706306,
    "tun_std": 0.011101946938086445
  },
  "KC": {
    "mean": -0.0016164805856533349,
    "std": 0.0153143115631491,
    "stuff_mean": -0.003810254973359406,
    "stuff_std": 0.009377483781117585,
    "loc_mean": -0.004497965797781944,
    "loc_std": 0.008168331864619226,
    "tun_mean": -0.00245284172706306,
    "tun_std": 0.011101946938086445
  },
  "SI": {
    "mean": -0.0016164805856533349,
    "std": 0.0153143115631491,
    "stuff_mean": -0.003810254973359406,
    "stuff_std": 0.009377483781117585,
    "loc_mean": -0.003757626051083207,
    "loc_std": 0.012358374598679965,
    "tun_mean": -0.00245284172706306,
    "tun_std": 0.011101946938086445
  },
  "SL": {
    "mean": -0.0016164805856533349,
    "std": 0.0153143115631491,
    "stuff_mean": -0.003810254973359406,
    "stuff_std": 0.009377483781117585,
    "loc_mean": -0.004418497905135155,
    "loc_std": 0.009788722071151227,
    "tun_mean": -0.00245284172706306,
    "tun_std": 0.011101946938086445
  },
  "ST": {
    "mean": -0.0016164805856533349,
    "std": 0.0153143115631491,
    "stuff_mean": -0.003810254973359406,
    "stuff_std": 0.009377483781117585,
    "loc_mean": -0.005495211575180292,
    "loc_std": 0.011063909933615322,
    "tun_mean": -0.00245284172706306,
    "tun_std": 0.011101946938086445
  },
  "SV": {
    "mean": -0.0016164805856533349,
    "std": 0.0153143115631491,
    "stuff_mean": -0.003810254973359406,
    "stuff_std": 0.009377483781117585,
    "loc_mean": -0.0002215156055171974,
    "loc_std": 0.006049549304433312,
    "tun_mean": -0.00245284172706306,
    "tun_std": 0.011101946938086445
  }
}