{
  "CH": {
    "mean": 0.0001417438907083124,
    "std": 0.009371470659971237,
    "stuff_mean": 0.00022358749993145466,
    "stuff_std": 0.003952227998524904,
    "loc_mean": -0.0035642473958432674,
    "loc_std": 0.008743027225136757,
    "tun_mean": 0.001627964898943901,
    "tun_std": 0.00805481243878603
  },
  "CU": {
    "mean": -0.0013849877286702394,
    "std": 0.008305300958454609,
    "stuff_mean": -0.002726484788581729,
    "stuff_std": 0.0032404055818915367,
    "loc_mean": -0.003707432420924306,
    "loc_std": 0.007418985944241285,
    "tun_mean": -7.546736014774069e-05,
    "tun_std": 0.007372671272605658
  },
  "FC": {
    "mean": 0.001208751229569316,
    "std": 0.008126440457999706,
    "stuff_mean": 0.0009576196316629648,
    "stuff_std": 0.002515785861760378,
    "loc_mean": -0.0036170692183077335,
    "loc_std": 0.007637395057827234,
    "tun_mean": -0.004022055305540562,
    "tun_std": 0.007905201055109501
  },
  "FF": {
    "mean": 0.005198667757213116,
    "std": 0.009653855115175247,
    "stuff_mean": 0.003815761534497142,
    "stuff_std": 0.003306328784674406,
    "loc_mean": -0.002979891374707222,
    "loc_std": 0.008617795072495937,
    "tun_mean": -0.0038305637426674366,
    "tun_std": 0.011442436836659908
  },
  "FS": {
    "mean": -0.0038575567305088043,
    "std": 0.008837376721203327,
    "stuff_mean": -0.002433507237583399,
    "stuff_std": 0.004483207128942013,
    "loc_mean": -0.005475291050970554,
    "loc_std": 0.008223766461014748,
    "tun_mean": -0.0015709641156718135,
    "tun_std": 0.010511643253266811
  },
  "KC": {
    "mean": -0.0032841803040355444,
    "std": 0.007678203284740448,
    "stuff_mean": -0.003498796606436372,
    "stuff_std": 0.0027065351605415344,
    "loc_mean": -0.004476571921259165,
    "loc_std": 0.006563347764313221,
    "tun_mean": -0.0034497727174311876,
    "tun_std": 0.010298051871359348
  },
  "SI": {
    "mean": 0.0035491061862558126,
    "std": 0.010348193347454071,
    "stuff_mean": 0.001985120354220271,
    "stuff_std": 0.0027680036146193743,
    "loc_mean": -0.0030437225941568613,
    "loc_std": 0.009726341813802719,
    "tun_mean": -0.0025546106044203043,
    "tun_std": 0.009896155446767807
  },
  "SL": {
    "mean": -0.0030903108417987823,
    "std": 0.008166124112904072,
    "stuff_mean": -0.0020899546798318624,
    "stuff_std": 0.003649418940767646,
    "loc_mean": -0.004294672980904579,
    "loc_std": 0.007555879652500153,
    "tun_mean": 0.00019934380543418229,
    "tun_std": 0.007548070978373289
  },
  "ST": {
    "mean": -0.005901661701500416,
    "std": 0.009220759384334087,
    "stuff_mean": -0.005127727519720793,
    "stuff_std": 0.0038081789389252663,
    "loc_mean": -0.0054048774763941765,
    "loc_std": 0.00874929316341877,
    "tun_mean": -0.006500355899333954,
    "tun_std": 0.008797353133559227
  },
  "SV": {
    "mean": 0.002592186676338315,
    "std": 0.006279343273490667,
    "stuff_mean": -0.0016902148490771651,
    "stuff_std": 0.0028986192774027586,
    "loc_mean": 0.0009535402059555054,
    "loc_std": 0.005006588064134121,
    "tun_mean": -0.0030172266997396946,
    "tun_std": 0.00728267477825284
  }
}