{
  "slot": {
    "CH_L": {
      "slope_x": 0.005482758156118072,
      "intercept_x": -1.384326426460599,
      "slope_z": 0.0257992112147249,
      "intercept_z": -0.590456837329377,
      "n": 8386
    },
    "CH_R": {
      "slope_x": 0.0064915780021430145,
      "intercept_x": -1.460795321353329,
      "slope_z": 0.01695439863134856,
      "intercept_z": -0.273414319789331,
      "n": 14239
    },
    "CU_L": {
      "slope_x": -0.008195314971547983,
      "intercept_x": 1.0921084303674042,
      "slope_z": -0.020334148703747033,
      "intercept_z": 0.05874318022488197,
      "n": 3893
    },
    "CU_R": {
      "slope_x": -0.02117510565845201,
      "intercept_x": 1.7138664288145473,
      "slope_z": -0.012747381500333183,
      "intercept_z": -0.3439573963180899,
      "n": 9193
    },
    "EP_R": {
      "slope_x": 0.001773812953208327,
      "intercept_x": -0.1259023284343163,
      "slope_z": 0.010676537216373941,
      "intercept_z": 0.9537858688533507,
      "n": 235
    },
    "FC_L": {
      "slope_x": 0.005213124348160703,
      "intercept_x": -0.02926065900313517,
      "slope_z": -0.0016694031114768677,
      "intercept_z": 0.7233928806538054,
      "n": 3719
    },
    "FC_R": {
      "slope_x": 0.00951720363135008,
      "intercept_x": -0.17361062348191592,
      "slope_z": 0.002436355046346845,
      "intercept_z": 0.6013080304820271,
      "n": 11653
    },
    "FF_L": {
      "slope_x": 0.014504578981532653,
      "intercept_x": -1.254777531732037,
      "slope_z": 0.013148415376471009,
      "intercept_z": 0.8039319096385249,
      "n": 16828
    },
    "FF_R": {
      "slope_x": 0.016086492858040695,
      "intercept_x": -1.2778300067269532,
      "slope_z": 0.010619290432836371,
      "intercept_z": 0.9255160937274176,
      "n": 43786
    },
    "FO_R": {
      "slope_x": 0.06968028947686844,
      "intercept_x": -4.027268152244811,
      "slope_z": -0.030908755979287876,
      "intercept_z": 1.407409476223481,
      "n": 212
    },
    "FS_L": {
      "slope_x": 0.010369982393873371,
      "intercept_x": -1.2345755810148549,
      "slope_z": 0.01500157542035614,
      "intercept_z": -0.21873174356268385,
      "n": 691
    },
    "FS_R": {
      "slope_x": 0.010010589157821602,
      "intercept_x": -1.3765356866925178,
      "slope_z": 0.014897312885013319,
      "intercept_z": -0.36268493791810263,
      "n": 5986
    },
    "KC_L": {
      "slope_x": 0.018901537739546066,
      "intercept_x": -0.41828584877243075,
      "slope_z": -0.022652518293460894,
      "intercept_z": 0.1544867461934018,
      "n": 406
    },
    "KC_R": {
      "slope_x": -0.021174936002231404,
      "intercept_x": 1.5311616479695411,
      "slope_z": -0.008551376574018308,
      "intercept_z": -0.47610747404905335,
      "n": 3009
    },
    "SI_L": {
      "slope_x": 0.0053921442999591805,
      "intercept_x": -1.4932071886161369,
      "slope_z": 0.019336354539724265,
      "intercept_z": -0.03808939841322099,
      "n": 10275
    },
    "SI_R": {
      "slope_x": -3.6568405886968085e-05,
      "intercept_x": -1.284935512448879,
      "slope_z": 0.020192875956543736,
      "intercept_z": -0.019480228283414298,
      "n": 23418
    },
    "SL_L": {
      "slope_x": -0.006217665116978394,
      "intercept_x": 0.6168497646220495,
      "slope_z": 0.005074018340899831,
      "intercept_z": -0.09099034254938212,
      "n": 7787
    },
    "SL_R": {
      "slope_x": -0.00321066146351705,
      "intercept_x": 0.46875606398656267,
      "slope_z": -0.005913759394702857,
      "intercept_z": 0.3559615832458728,
      "n": 18967
    },
    "ST_L": {
      "slope_x": 0.001713509689566139,
      "intercept_x": 1.0881372464079306,
      "slope_z": -0.003410279653091551,
      "intercept_z": 0.14164282962355768,
      "n": 4679
    },
    "ST_R": {
      "slope_x": -0.003760764283801121,
      "intercept_x": 1.2738455749490756,
      "slope_z": -0.009421750734236487,
      "intercept_z": 0.3873387063414654,
      "n": 11908
    },
    "SV_L": {
      "slope_x": -0.052645265362600266,
      "intercept_x": 2.6586157708255582,
      "slope_z": 0.017058420938527878,
      "intercept_z": -0.8080201645048551,
      "n": 465
    },
    "SV_R": {
      "slope_x": 0.003919374597821435,
      "intercept_x": 0.7905735399331294,
      "slope_z": 3.968445714919138e-05,
      "intercept_z": -0.530872063567305,
      "n": 536
    }
  },
  "drag": {
    "CH": {
      "intercept": -24.35951054929436,
      "slope_velo": 0.5755291508009092,
      "slope_spin": 0.0002922545651506958,
      "n": 27290
    },
    "CU": {
      "intercept": -13.537886382330049,
      "slope_velo": 0.40052524517537436,
      "slope_spin": 0.0019515637081916615,
      "n": 15630
    },
    "EP": {
      "intercept": -7.9886032287098265,
      "slope_velo": 0.3393174147219058,
      "slope_spin": 0.0001393110453223323,
      "n": 231
    },
    "FC": {
      "intercept": -24.090144156827808,
      "slope_velo": 0.5698761533957771,
      "slope_spin": -0.0002564636349411398,
      "n": 19162
    },
    "FF": {
      "intercept": -34.54446190068039,
      "slope_velo": 0.6694184855712586,
      "slope_spin": 0.0010400095716828206,
      "n": 73946
    },
    "FO": {
      "intercept": -3.8604752911582425,
      "slope_velo": 0.3379250949511593,
      "slope_spin": 0.0010747166741729708,
      "n": 273
    },
    "FS": {
      "intercept": -19.39647853799751,
      "slope_velo": 0.5334443038599633,
      "slope_spin": -0.000870594963660265,
      "n": 7888
    },
    "KC": {
      "intercept": -14.661496710382258,
      "slope_velo": 0.43155119050488777,
      "slope_spin": 0.0014212623385736478,
      "n": 3975
    },
    "SI": {
      "intercept": -28.546693084425794,
      "slope_velo": 0.6074990149915498,
      "slope_spin": 0.0009265133554694494,
      "n": 40419
    },
    "SL": {
      "intercept": -17.037877533516024,
      "slope_velo": 0.48725640611953996,
      "slope_spin": 1.0194129945462205e-05,
      "n": 33082
    },
    "ST": {
      "intercept": -21.480593600738064,
      "slope_velo": 0.5269078644240662,
      "slope_spin": 0.0011099362868258744,
      "n": 19690
    },
    "SV": {
      "intercept": -21.047146199167255,
      "slope_velo": 0.5020620270427157,
      "slope_spin": 0.0015316894335459796,
      "n": 1242
    }
  }
}