{
  "CH": {
    "slope_x": 0.011374297214696221,
    "intercept_x": -0.7822170151954838,
    "slope_z": 0.019390983757567204,
    "intercept_z": -0.30833218942768686,
    "n": 36332
  },
  "CS": {
    "slope_x": 0.015740471875808293,
    "intercept_x": -0.1255529789325436,
    "slope_z": 0.03681784611495482,
    "intercept_z": -1.6069458261881413,
    "n": 183
  },
  "CU": {
    "slope_x": -0.012482277713701908,
    "intercept_x": 0.8647613207338324,
    "slope_z": -0.014924353634216821,
    "intercept_z": -0.19846617430042876,
    "n": 23656
  },
  "EP": {
    "slope_x": 0.010716398009203251,
    "intercept_x": -0.6720371499590158,
    "slope_z": 0.0074572317642195955,
    "intercept_z": 1.0434435653141212,
    "n": 454
  },
  "FA": {
    "slope_x": 0.023663975648772623,
    "intercept_x": -1.2535569035556602,
    "slope_z": 0.013214921360767268,
    "intercept_z": 0.7350172875922358,
    "n": 394
  },
  "FC": {
    "slope_x": 0.005178637885367888,
    "intercept_x": -0.10601281902186006,
    "slope_z": 0.0011156463151065794,
    "intercept_z": 0.6429370171822624,
    "n": 25901
  },
  "FF": {
    "slope_x": 0.007940621222761212,
    "intercept_x": -0.6011886701796414,
    "slope_z": 0.011836703323702328,
    "intercept_z": 0.846020623206348,
    "n": 111185
  },
  "FO": {
    "slope_x": -0.005857219451987044,
    "intercept_x": -0.5342189622123946,
    "slope_z": -0.0020840525675406016,
    "intercept_z": 0.16802657207684965,
    "n": 268
  },
  "FS": {
    "slope_x": 0.014622109754762604,
    "intercept_x": -1.3300761867639113,
    "slope_z": 0.016022929661961744,
    "intercept_z": -0.37329177473876296,
    "n": 11262
  },
  "KC": {
    "slope_x": -0.01609517450363706,
    "intercept_x": 1.114721062676576,
    "slope_z": -0.011184950273670571,
    "intercept_z": -0.3520628172678152,
    "n": 6300
  },
  "SI": {
    "slope_x": 0.0005026102977109734,
    "intercept_x": -0.5453499058309765,
    "slope_z": 0.01935813036434906,
    "intercept_z": -0.006645067564792088,
    "n": 53564
  },
  "SL": {
    "slope_x": -0.0016335224008314757,
    "intercept_x": 0.22727252542295964,
    "slope_z": -0.0017801347395083181,
    "intercept_z": 0.2322071203580556,
    "n": 50574
  },
  "ST": {
    "slope_x": 0.00479451716808157,
    "intercept_x": 0.4217132072313645,
    "slope_z": -0.0068784602858484745,
    "intercept_z": 0.2914861089607937,
    "n": 26359
  },
  "SV": {
    "slope_x": -0.007062804279673538,
    "intercept_x": 0.686444961332096,
    "slope_z": -0.007935619564190482,
    "intercept_z": -0.14518192224611248,
    "n": 1701
  }
}